date,text,views,media,reactions,is_forwarded
2025-09-15T09:32:39+00:00,–¥–µ—Ñ–∏—Ü–∏—Ç –∫–∞—Ä—Ç–∏–Ω–æ–∫,118,"['https://t.me/yottoikotto/4547?single', 'https://t.me/yottoikotto/4548?single', 'https://t.me/yottoikotto/4549?single', 'https://t.me/yottoikotto/4550?single', 'https://t.me/yottoikotto/4551?single']","{'‚ù§Ô∏è': '12', 'üçì': '4', 'üíã': '2', 'üïä': '1'}",False
,–ø–ª—è–∂—É–µ–ºüèñÔ∏è,84,"['https://t.me/yottoikotto/4552?single', 'https://t.me/yottoikotto/4553?single', 'https://t.me/yottoikotto/4554?single', 'https://t.me/yottoikotto/4555?single', 'https://t.me/yottoikotto/4556?single', 'https://t.me/yottoikotto/4557?single', 'https://t.me/yottoikotto/4558?single', 'https://t.me/yottoikotto/4559?single']","{'‚ù§Ô∏è': '12', 'üïä': '2', 'üçì': '2'}",False
2025-09-19T11:15:08+00:00,–∑–¥—Ä–∞—Å—å—Ç–µ –ø—Ä–∏–µ—Ö–∞–ª–∏ü´©,85,"['https://t.me/yottoikotto/4560?single', 'https://t.me/yottoikotto/4561?single', 'https://t.me/yottoikotto/4562?single', 'https://t.me/yottoikotto/4563?single', 'https://t.me/yottoikotto/4564?single', 'https://t.me/yottoikotto/4565?single']","{'‚ù§Ô∏è': '15', 'üò≠': '5', 'üçì': '1'}",False
2025-09-19T11:17:52+00:00,–≤—Å–µ –Ω–∞—Å—Ç—Ä–∞–∏–≤–∞–µ–º –≤—Å–µ–ª–µ–Ω–Ω—É—é –±—ã—Å—Ç—Ä–æ —á—Ç–æ–±—ã —è —á–µ—Ä–µ–∑ –ø—è—Ç—å —Å–µ–∫—É–Ω–¥ –∫–∞–∫ –æ–≥—É—Ä—á–∏–∫ —É–∂–µ –¥–∞,82,[],"{'‚ù§Ô∏è': '11', 'üçì': '1'}",False
2025-09-20T05:19:59+00:00,–¥—Ä—É–∑—å—è —Å–ø–∞—Å–∏–±–æ –≤–∞—à–∏ –Ω–∞–º–µ—Ä–µ–Ω–∏—è –∏ –ø–æ–∂–µ–ª–∞–Ω–∏—è —Å–ø–∞—Å–ª–∏ –º–Ω–µ –º–æ—Ä–µ —è —á—É–≤—Å—Ç–≤—É—é —Å–µ–±—è –æ—Ç–ª–∏—á–Ω–æ,84,"['https://t.me/yottoikotto/4567?single', 'https://t.me/yottoikotto/4568?single']","{'ü•∞': '11', '‚ù§Ô∏è': '6', 'üçì': '4', 'üíã': '1', 'ü§ù': '1', 'üíä': '1'}",False
,–º–æ—Ä–µ –≤–æ–ª–Ω—É–µ—Ç—Å—è –¥–≤–∞,100,"['https://t.me/yottoikotto/4569?single', 'https://t.me/yottoikotto/4570?single', 'https://t.me/yottoikotto/4571?single', 'https://t.me/yottoikotto/4572?single', 'https://t.me/yottoikotto/4573?single', 'https://t.me/yottoikotto/4574?single', 'https://t.me/yottoikotto/4575?single', 'https://t.me/yottoikotto/4576?single', 'https://t.me/yottoikotto/4577?single']","{'‚ù§Ô∏è': '12', 'üíã': '3', 'üçì': '1'}",False
2025-09-22T19:54:32+00:00,–∫—Ç–æ –∑–¥–µ—Å—å,99,"['https://t.me/yottoikotto/4578?single', 'https://t.me/yottoikotto/4579?single', 'https://t.me/yottoikotto/4580?single', 'https://t.me/yottoikotto/4581?single', 'https://t.me/yottoikotto/4582?single', 'https://t.me/yottoikotto/4583?single', 'https://t.me/yottoikotto/4584?single', 'https://t.me/yottoikotto/4585?single', 'https://t.me/yottoikotto/4586?single']","{'‚ù§Ô∏è': '15', 'üíã': '2', 'üçì': '1', 'üíò': '1'}",False
2025-09-23T21:38:29+00:00,"—è —Å–º–∏—Ä–∏–ª–∞—Å—å, —á—Ç–æ –ø–µ—Ä–≤—ã–µ —Ç—Ä–∏ –∏–∑ –≤—Å–µ—Ö –∏–º–µ—é—â–∏—Ö—Å—è —Ñ–æ—Ç–æ–∫ –≤ –∫—É–ø–∞–ª—å–Ω–∏–∫–µ –Ω–µ —Ç–∞–∫–∏–µ —É–∂ –∏ –ø–ª–æ—Ö–∏–µ, –∫–æ–≥–¥–∞:

p.s. –¥–≤–∏–≥–∞–µ–º –¥–æ–º–æ–π :(
p.p.s. —è –æ–ø—è—Ç—å –∑–∞–±–æ–ª–µ–ª–∞ :(:(",98,"['https://t.me/yottoikotto/4587?single', 'https://t.me/yottoikotto/4588?single', 'https://t.me/yottoikotto/4589?single', 'https://t.me/yottoikotto/4590?single', 'https://t.me/yottoikotto/4591?single', 'https://t.me/yottoikotto/4592?single', 'https://t.me/yottoikotto/4593?single', 'https://t.me/yottoikotto/4594?single', 'https://t.me/yottoikotto/4595?single']","{'‚ù§Ô∏è': '12', 'üò≠': '3', 'üçì': '1'}",False
2025-09-25T20:37:02+00:00,,93,['https://t.me/yottoikotto/4596'],"{'‚ù§Ô∏è': '7', 'ü§¨': '3', 'üçì': '2', 'üíã': '1'}",False
,–æ –º–æ—Ä–µ,82,['https://t.me/yottoikotto/4597'],"{'‚ù§Ô∏è': '20', '‚ù§Ô∏è\u200düî•': '1', 'üçì': '1'}",False
2025-09-27T00:21:49+00:00,–≤—ã –±—ã –∑–Ω–∞–ª–∏ –∫–∞–∫ —è —É—Å—Ä–∞–ª–∞—Å—å —ç—Ç–æ –¥–µ–ª–∞—Ç—å,84,[],"{'‚ù§Ô∏è': '14', 'üçì': '1'}",False
2025-09-29T13:24:56+00:00,–∫–µ–º —è —Ö–æ—Ç–µ–ª–∞ —Å—Ç–∞—Ç—å –∫–æ–≥–¥–∞ –≤—ã—Ä–∞—Å—Ç—É (according to my youth and saved photos from –ø—Ä–æ—Å—Ç–∏ –≥–æ—Å–ø–æ–¥–∏ –≤–∫–æ–Ω—Ç–∞–∫—Ç–µ),97,"['https://t.me/yottoikotto/4599?single', 'https://t.me/yottoikotto/4600?single', 'https://t.me/yottoikotto/4601?single', 'https://t.me/yottoikotto/4602?single', 'https://t.me/yottoikotto/4603?single', 'https://t.me/yottoikotto/4604?single', 'https://t.me/yottoikotto/4605?single', 'https://t.me/yottoikotto/4606?single', 'https://t.me/yottoikotto/4607?single']","{'‚ù§Ô∏è': '10', 'üíò': '4', 'üíã': '2'}",False
2025-10-06T18:32:52+00:00,—ç—Ç–æ –º–æ—è –Ω—è—à–µ—á–∫–∞ –≤–∫—É—Å–Ω—è—à–µ—á–∫–∞,39,"['https://t.me/yottoikotto/4608?single', 'https://t.me/yottoikotto/4609?single']","{'‚ù§Ô∏è': '13', 'üçì': '1', 'üíã': '1'}",False
